{"cameraMode":{"drawMode":0,"name":"Shaded","section":"Shading Mode"},"sceneLighting":true,"audioPlay":false,"sceneViewState":{"showFog":true,"showMaterialUpdate":false,"showSkybox":true,"showFlares":true,"showImageEffects":true,"showParticleSystems":true,"showVisualEffectGraphs":true,"m_FxEnabled":true},"in2DMode":false,"pivot":{"x":-0.05582847446203232,"y":-0.03526810556650162,"z":-0.004585045389831066},"rotation":{"x":-0.07193966954946518,"y":0.9023184180259705,"z":-0.16588212549686433,"w":-0.39131736755371096},"size":4.253332614898682,"orthographic":false}